{"cameraMode":{"drawMode":0,"name":"Shaded","section":"Shading Mode"},"sceneLighting":true,"audioPlay":false,"sceneViewState":{"m_AlwaysRefresh":false,"showFog":true,"showSkybox":true,"showFlares":true,"showImageEffects":true,"showParticleSystems":true,"showVisualEffectGraphs":true,"m_FxEnabled":true},"in2DMode":false,"pivot":{"x":-0.07461953163146973,"y":1.1921772956848145,"z":-0.6584749221801758},"rotation":{"x":-0.06391775608062744,"y":0.9329720735549927,"z":-0.2079545110464096,"w":-0.28676217794418337},"size":2.0771772861480715,"orthographic":false}